headSize,headWidth,foreheadPosition,foreheadSize,jawsPosition,jawsSize,chinPosition,chinSize,chinPronounced,lowCheek,cheekPosition,cheekSize,earsPosition,earsRotation,earsSize,eyeSize,eyePosition,eyeDepth,eyeRotation,eyeDistance,eyeSquint,noseSize,nosePosition,noseFlatten,nosePronounced,noseWidth,noseBridge,noseCurve,noseInclination,mouthSize,mouthPosition,mouthPronounced,lipsSize
0.4911, 0.4865, 0.4939, 0.5106, 0.5204, 0.5213, 0.4747, 0.5005, 0.5201, 0.5123, 0.5215, 0.4997, 0.4956, 0.5143, 0.4823, 0.4909, 0.5148, 0.5354, 0.4956, 0.5204, 0.4983, 0.5057, 0.4968, 0.4987, 0.5173, 0.4908, 0.5253, 0.4893, 0.4819, 0.5044, 0.5228, 0.5192, 0.4850
0.7912024,0.7514151,0.607003,0.2832808,0.3238316,0.5954238,0.4208936,0.2518981,0.2370488,0.3072334,0.4431213,0.6967308,0.4269822,0.6077146,0.369729,0.4394472,0.7586468,0.3708118,0.5066653,0.4622285,0.7540292,0.5287936,0.4503095,0.2046171,0.3628276,0.2748021,0.2600827,0.5612822,0.678466,0.2414267,0.6149878,0.7804244,0.5202507
