headSize,headWidth,foreheadPosition,foreheadSize,jawsPosition,jawsSize,chinPosition,chinSize,chinPronounced,lowCheek,cheekPosition,cheekSize,earsPosition,earsRotation,earsSize,eyeSize,eyePosition,eyeDepth,eyeRotation,eyeDistance,eyeSquint,noseSize,nosePosition,noseFlatten,nosePronounced,noseWidth,noseBridge,noseCurve,noseInclination,mouthSize,mouthPosition,mouthPronounced,lipsSize
0.4934, 0.4877, 0.4947, 0.5159, 0.5188, 0.5267, 0.4753, 0.4997, 0.5278, 0.5144, 0.5209, 0.5023, 0.4912, 0.5106, 0.4847, 0.4910, 0.5168, 0.5290, 0.4952, 0.5266, 0.5037, 0.5110, 0.4921, 0.5006, 0.5230, 0.4913, 0.5224, 0.4860, 0.4784, 0.5056, 0.5248, 0.5194, 0.4909
0.7912024,0.7514151,0.607003,0.2832808,0.3238316,0.5954238,0.4208936,0.2518981,0.2370488,0.3072334,0.4431213,0.6967308,0.4269822,0.6077146,0.369729,0.4394472,0.7586468,0.3708118,0.5066653,0.4622285,0.7540292,0.5287936,0.4503095,0.2046171,0.3628276,0.2748021,0.2600827,0.5612822,0.678466,0.2414267,0.6149878,0.7804244,0.5202507